eval,61,22,7
obs,60,21
eval,61,22,6
obs,60,22
eval,61,22,5
set,60,23,61,22,29,895
push,60,23
eval,61,22,4
set,61,23,61,22,17,883
push,61,23
eval,61,22,3
obs,62,23
eval,61,22,2
set,62,22,61,22,17,888
push,62,22
eval,61,22,1
obs,62,21
eval,61,22,0
obs,61,21
pop,61,23
expand,61,23
eval,61,23,4
obs,61,24
eval,61,23,3
set,62,24,61,23,46,854
push,62,24
eval,61,23,5
set,60,24,61,23,46,878
push,60,24
pop,62,24
expand,62,24
eval,62,24,3
set,63,25,62,24,75,825
push,63,25
eval,62,24,1
set,63,23,62,24,75,859
push,63,23
eval,62,24,2
set,63,24,62,24,63,842
push,63,24
eval,62,24,4
obs,62,25
eval,62,24,5
set,61,25,62,24,75,849
push,61,25
pop,63,25
expand,63,25
eval,63,25,3
set,64,26,63,25,104,796
push,64,26
eval,63,25,1
obs,64,24
eval,63,25,2
set,64,25,63,25,92,813
push,64,25
eval,63,25,4
set,63,26,63,25,92,808
push,63,26
eval,63,25,5
set,62,26,63,25,104,820
push,62,26
pop,64,26
expand,64,26
eval,64,26,3
set,65,27,64,26,133,767
push,65,27
eval,64,26,1
obs,65,25
eval,64,26,2
set,65,26,64,26,121,784
push,65,26
eval,64,26,4
set,64,27,64,26,121,779
push,64,27
eval,64,26,5
set,63,27,64,26,133,791
push,63,27
pop,63,26
expand,63,26
eval,63,26,4
eval,63,26,3
eval,63,26,5
set,62,27,63,26,121,803
push,62,27
pop,65,27
expand,65,27
eval,65,27,3
obs,66,28
eval,65,27,1
set,66,26,65,27,162,772
push,66,26
eval,65,27,2
obs,66,27
eval,65,27,4
obs,65,28
eval,65,27,5
obs,64,28
pop,64,25
expand,64,25
eval,64,25,2
obs,65,25
eval,64,25,1
set,65,24,64,25,121,818
push,65,24
eval,64,25,3
pop,65,26
expand,65,26
eval,65,26,2
eval,65,26,1
set,66,25,65,26,150,789
push,66,25
eval,65,26,3
obs,66,27
pop,60,23
expand,60,23
eval,60,23,5
set,59,24,60,23,58,890
push,59,24
eval,60,23,3
obs,61,24
eval,60,23,4
eval,60,23,6
set,59,23,60,23,46,907
push,59,23
eval,60,23,7
set,59,22,60,23,58,924
push,59,22
pop,61,25
expand,61,25
eval,61,25,5
obs,60,26
eval,61,25,3
eval,61,25,4
set,61,26,61,25,92,832
push,61,26
eval,61,25,6
set,60,25,61,25,92,861
push,60,25
eval,61,25,7
pop,63,23
expand,63,23
eval,63,23,1
set,64,22,63,23,104,864
push,64,22
eval,63,23,7
eval,63,23,0
set,63,22,63,23,92,876
push,63,22
eval,63,23,2
set,64,23,63,23,92,847
push,64,23
eval,63,23,3
obs,64,24
pop,66,26
expand,66,26
eval,66,26,1
set,67,25,66,26,191,777
push,67,25
eval,66,26,7
obs,65,25
eval,66,26,0
eval,66,26,2
set,67,26,66,26,179,760
push,67,26
eval,66,26,3
set,67,27,66,26,191,743
push,67,27
pop,64,27
expand,64,27
eval,64,27,4
obs,64,28
eval,64,27,3
obs,65,28
eval,64,27,5
set,63,28,64,27,150,774
push,63,28
pop,62,22
expand,62,22
eval,62,22,2
eval,62,22,1
set,63,21,62,22,46,893
push,63,21
eval,62,22,3
pop,63,28
expand,63,28
eval,63,28,5
set,62,29,63,28,179,769
push,62,29
eval,63,28,3
obs,64,29
eval,63,28,4
set,63,29,63,28,167,757
push,63,29
eval,63,28,6
set,62,28,63,28,167,786
push,62,28
eval,63,28,7
pop,60,24
expand,60,24
eval,60,24,5
set,59,25,60,24,75,873
push,59,25
eval,60,24,3
eval,60,24,4
eval,60,24,6
eval,60,24,7
pop,65,24
expand,65,24
eval,65,24,1
set,66,23,65,24,150,823
push,66,23
eval,65,24,7
eval,65,24,0
set,65,23,65,24,138,835
push,65,23
eval,65,24,2
set,66,24,65,24,138,806
push,66,24
eval,65,24,3
pop,62,27
expand,62,27
eval,62,27,5
set,61,28,62,27,150,798
push,61,28
eval,62,27,3
eval,62,27,4
eval,62,27,6
set,61,27,62,27,138,815
push,61,27
eval,62,27,7
pop,62,26
expand,62,26
eval,62,26,5
eval,62,26,3
eval,62,26,4
eval,62,26,6
eval,62,26,7
pop,63,27
expand,63,27
eval,63,27,5
eval,63,27,3
obs,64,28
eval,63,27,4
eval,63,27,6
eval,63,27,7
pop,66,24
expand,66,24
eval,66,24,2
set,67,24,66,24,155,794
push,67,24
eval,66,24,1
set,67,23,66,24,167,811
push,67,23
eval,66,24,3
pop,61,28
expand,61,28
eval,61,28,5
set,60,29,61,28,179,793
push,60,29
eval,61,28,3
eval,61,28,4
set,61,29,61,28,167,781
push,61,29
eval,61,28,6
set,60,28,61,28,167,810
push,60,28
eval,61,28,7
set,60,27,61,28,179,827
push,60,27
pop,60,25
expand,60,25
eval,60,25,6
eval,60,25,5
set,59,26,60,25,121,856
push,59,26
eval,60,25,7
pop,64,22
expand,64,22
eval,64,22,1
obs,65,21
eval,64,22,7
eval,64,22,0
set,64,21,64,22,121,881
push,64,21
eval,64,22,2
set,65,22,64,22,121,852
push,65,22
eval,64,22,3
pop,63,22
expand,63,22
eval,63,22,0
eval,63,22,7
obs,62,21
eval,63,22,1
pop,67,27
expand,67,27
eval,67,27,3
obs,68,28
eval,67,27,1
set,68,26,67,27,220,748
push,68,26
eval,67,27,2
set,68,27,67,27,208,731
push,68,27
eval,67,27,4
obs,67,28
eval,67,27,5
obs,66,28
pop,65,23
expand,65,23
eval,65,23,0
eval,65,23,7
eval,65,23,1
set,66,22,65,23,167,840
push,66,22
pop,66,25
expand,66,25
eval,66,25,1
eval,66,25,7
eval,66,25,0
eval,66,25,2
eval,66,25,3
pop,62,29
expand,62,29
eval,62,29,5
set,61,30,62,29,208,764
push,61,30
eval,62,29,3
obs,63,30
eval,62,29,4
set,62,30,62,29,196,752
push,62,30
eval,62,29,6
eval,62,29,7
pop,63,21
expand,63,21
eval,63,21,1
obs,64,20
eval,63,21,7
set,62,20,63,21,75,922
push,62,20
eval,63,21,0
obs,63,20
eval,63,21,2
eval,63,21,3
pop,64,23
expand,64,23
eval,64,23,2
eval,64,23,1
eval,64,23,3
pop,59,22
expand,59,22
eval,59,22,7
obs,58,21
eval,59,22,5
set,58,23,59,22,87,919
push,58,23
eval,59,22,6
set,58,22,59,22,75,936
push,58,22
eval,59,22,0
obs,59,21
eval,59,22,1
obs,60,21
pop,63,24
expand,63,24
eval,63,24,2
obs,64,24
eval,63,24,1
eval,63,24,3
pop,67,23
expand,67,23
eval,67,23,1
set,68,22,67,23,196,816
push,68,22
eval,67,23,7
eval,67,23,0
obs,67,22
eval,67,23,2
obs,68,23
eval,67,23,3
set,68,24,67,23,196,782
push,68,24
pop,67,25
expand,67,25
eval,67,25,1
eval,67,25,7
eval,67,25,0
eval,67,25,2
set,68,25,67,25,208,765
push,68,25
eval,67,25,3
pop,63,29
expand,63,29
eval,63,29,4
obs,63,30
eval,63,29,3
obs,64,30
eval,63,29,5
pop,59,23
expand,59,23
eval,59,23,6
eval,59,23,5
set,58,24,59,23,75,902
push,58,24
eval,59,23,7
pop,62,28
expand,62,28
eval,62,28,6
eval,62,28,5
eval,62,28,7
pop,59,24
expand,59,24
eval,59,24,5
set,58,25,59,24,87,885
push,58,25
eval,59,24,3
eval,59,24,4
eval,59,24,6
eval,59,24,7
pop,68,26
expand,68,26
eval,68,26,1
set,69,25,68,26,249,777
push,69,25
eval,68,26,7
eval,68,26,0
eval,68,26,2
obs,69,26
eval,68,26,3
obs,69,27
pop,58,25
expand,58,25
eval,58,25,5
obs,57,26
eval,58,25,3
eval,58,25,4
set,58,26,58,25,104,868
push,58,26
eval,58,25,6
obs,57,25
eval,58,25,7
obs,57,24
pop,60,27
expand,60,27
eval,60,27,7
eval,60,27,5
obs,59,28
eval,60,27,6
set,59,27,60,27,196,839
push,59,27
eval,60,27,0
obs,60,26
eval,60,27,1
pop,58,26
expand,58,26
eval,58,26,4
set,58,27,58,26,121,851
push,58,27
eval,58,26,3
eval,58,26,5
set,57,27,58,26,133,863
push,57,27
pop,66,22
expand,66,22
eval,66,22,1
set,67,21,66,22,196,845
push,67,21
eval,66,22,7
obs,65,21
eval,66,22,0
set,66,21,66,22,184,857
push,66,21
eval,66,22,2
obs,67,22
eval,66,22,3
pop,60,29
expand,60,29
eval,60,29,5
set,59,30,60,29,208,788
push,59,30
eval,60,29,3
eval,60,29,4
obs,60,30
eval,60,29,6
set,59,29,60,29,196,805
push,59,29
eval,60,29,7
obs,59,28
pop,58,22
expand,58,22
eval,58,22,6
obs,57,22
eval,58,22,5
set,57,23,58,22,104,931
push,57,23
eval,58,22,7
obs,57,21
pop,65,22
expand,65,22
eval,65,22,2
eval,65,22,1
eval,65,22,3
pop,68,22
expand,68,22
eval,68,22,1
obs,69,21
eval,68,22,7
eval,68,22,0
set,68,21,68,22,213,833
push,68,21
eval,68,22,2
set,69,22,68,22,213,828
push,69,22
eval,68,22,3
obs,69,23
pop,61,29
expand,61,29
eval,61,29,4
eval,61,29,3
eval,61,29,5
obs,60,30
pop,69,25
expand,69,25
eval,69,25,1
set,70,24,69,25,278,806
push,70,24
eval,69,25,7
eval,69,25,0
set,69,24,69,25,266,794
push,69,24
eval,69,25,2
set,70,25,69,25,266,789
push,70,25
eval,69,25,3
set,70,26,69,25,278,772
push,70,26
pop,59,26
expand,59,26
eval,59,26,5
eval,59,26,3
eval,59,26,4
eval,59,26,6
eval,59,26,7
pop,59,27
expand,59,27
eval,59,27,6
eval,59,27,5
set,58,28,59,27,225,834
push,58,28
eval,59,27,7
pop,64,21
expand,64,21
eval,64,21,0
obs,64,20
eval,64,21,7
obs,63,20
eval,64,21,1
obs,65,20
pop,66,21
expand,66,21
eval,66,21,0
obs,66,20
eval,66,21,7
obs,65,20
eval,66,21,1
set,67,20,66,21,213,862
push,67,20
pop,68,21
expand,68,21
eval,68,21,0
set,68,20,68,21,230,850
push,68,20
eval,68,21,7
eval,68,21,1
set,69,20,68,21,242,862
push,69,20
pop,70,26
expand,70,26
eval,70,26,3
set,71,27,70,26,307,767
push,71,27
eval,70,26,1
obs,71,25
eval,70,26,2
set,71,26,70,26,295,784
push,71,26
eval,70,26,4
obs,70,27
eval,70,26,5
obs,69,27
pop,70,25
expand,70,25
eval,70,25,2
obs,71,25
eval,70,25,1
set,71,24,70,25,295,818
push,71,24
eval,70,25,3
pop,58,28
expand,58,28
eval,58,28,5
set,57,29,58,28,254,829
push,57,29
eval,58,28,3
eval,58,28,4
set,58,29,58,28,242,817
push,58,29
eval,58,28,6
set,57,28,58,28,242,846
push,57,28
eval,58,28,7
pop,69,24
expand,69,24
eval,69,24,0
obs,69,23
eval,69,24,7
obs,68,23
eval,69,24,1
set,70,23,69,24,295,823
push,70,23
pop,67,20
expand,67,20
eval,67,20,1
set,68,19,67,20,242,867
push,68,19
eval,67,20,7
obs,66,19
eval,67,20,0
obs,67,19
eval,67,20,2
eval,67,20,3
pop,69,22
expand,69,22
eval,69,22,2
obs,70,22
eval,69,22,1
set,70,21,69,22,242,857
push,70,21
eval,69,22,3
pop,58,29
expand,58,29
eval,58,29,4
set,58,30,58,29,259,800
push,58,30
eval,58,29,3
eval,58,29,5
set,57,30,58,29,271,812
push,57,30
pop,58,30
expand,58,30
eval,58,30,4
set,58,31,58,30,276,783
push,58,31
eval,58,30,3
set,59,31,58,30,288,771
push,59,31
eval,58,30,5
set,57,31,58,30,288,795
push,57,31
pop,58,24
expand,58,24
eval,58,24,5
obs,57,25
eval,58,24,3
eval,58,24,4
eval,58,24,6
obs,57,24
eval,58,24,7
pop,58,31
expand,58,31
eval,58,31,4
obs,58,32
eval,58,31,3
set,59,32,58,31,305,754
push,59,32
eval,58,31,5
set,57,32,58,31,305,778
push,57,32
pop,59,31
expand,59,31
eval,59,31,3
set,60,32,59,31,317,742
push,60,32
eval,59,31,1
obs,60,30
eval,59,31,2
set,60,31,59,31,305,759
push,60,31
eval,59,31,4
eval,59,31,5
obs,58,32
pop,62,20
expand,62,20
eval,62,20,7
set,61,19,62,20,104,951
push,61,19
eval,62,20,5
obs,61,21
eval,62,20,6
set,61,20,62,20,92,934
push,61,20
eval,62,20,0
set,62,19,62,20,92,939
push,62,19
eval,62,20,1
obs,63,19
pop,59,32
expand,59,32
eval,59,32,3
obs,60,33
eval,59,32,1
eval,59,32,2
eval,59,32,4
obs,59,33
eval,59,32,5
set,58,33,59,32,334,749
push,58,33
pop,57,23
expand,57,23
eval,57,23,5
obs,56,24
eval,57,23,3
eval,57,23,4
obs,57,24
eval,57,23,6
obs,56,23
eval,57,23,7
obs,56,22
pop,67,26
expand,67,26
eval,67,26,2
eval,67,26,1
eval,67,26,3
pop,61,20
expand,61,20
eval,61,20,6
set,60,20,61,20,109,946
push,60,20
eval,61,20,5
obs,60,21
eval,61,20,7
set,60,19,61,20,121,963
push,60,19
pop,62,19
expand,62,19
eval,62,19,0
obs,62,18
eval,62,19,7
set,61,18,62,19,121,968
push,61,18
eval,62,19,1
obs,63,18
pop,60,32
expand,60,32
eval,60,32,3
obs,61,33
eval,60,32,1
set,61,31,60,32,346,747
push,61,31
eval,60,32,2
obs,61,32
eval,60,32,4
obs,60,33
eval,60,32,5
obs,59,33
pop,60,31
expand,60,31
eval,60,31,2
eval,60,31,1
eval,60,31,3
obs,61,32
pop,61,19
expand,61,19
eval,61,19,7
set,60,18,61,19,133,980
push,60,18
eval,61,19,5
eval,61,19,6
eval,61,19,0
eval,61,19,1
obs,62,18
pop,61,30
expand,61,30
eval,61,30,5
eval,61,30,3
set,62,31,61,30,237,735
push,62,31
eval,61,30,4
eval,61,30,6
obs,60,30
eval,61,30,7
pop,62,31
expand,62,31
eval,62,31,3
set,63,32,62,31,266,706
push,63,32
eval,62,31,1
obs,63,30
eval,62,31,2
set,63,31,62,31,254,723
push,63,31
eval,62,31,4
set,62,32,62,31,254,718
push,62,32
eval,62,31,5
obs,61,32
pop,63,32
expand,63,32
eval,63,32,3
obs,64,33
eval,63,32,1
obs,64,31
eval,63,32,2
obs,64,32
eval,63,32,4
obs,63,33
eval,63,32,5
obs,62,33
pop,62,32
expand,62,32
eval,62,32,4
obs,62,33
eval,62,32,3
obs,63,33
eval,62,32,5
obs,61,33
pop,63,31
expand,63,31
eval,63,31,2
obs,64,31
eval,63,31,1
obs,64,30
eval,63,31,3
obs,64,32
pop,57,27
expand,57,27
eval,57,27,5
set,56,28,57,27,162,858
push,56,28
eval,57,27,3
eval,57,27,4
eval,57,27,6
set,56,27,57,27,150,875
push,56,27
eval,57,27,7
obs,56,26
pop,61,27
expand,61,27
eval,61,27,6
eval,61,27,5
eval,61,27,7
obs,60,26
pop,68,25
expand,68,25
eval,68,25,2
eval,68,25,1
eval,68,25,3
obs,69,26
pop,56,28
expand,56,28
eval,56,28,5
set,55,29,56,28,191,853
push,55,29
eval,56,28,3
eval,56,28,4
set,56,29,56,28,179,841
push,56,29
eval,56,28,6
set,55,28,56,28,179,870
push,55,28
eval,56,28,7
set,55,27,56,28,191,887
push,55,27
pop,56,27
expand,56,27
eval,56,27,6
eval,56,27,5
eval,56,27,7
obs,55,26
pop,58,23
expand,58,23
eval,58,23,5
obs,57,24
eval,58,23,3
eval,58,23,4
eval,58,23,6
eval,58,23,7
obs,57,22
pop,56,29
expand,56,29
eval,56,29,4
set,56,30,56,29,196,824
push,56,30
eval,56,29,3
eval,56,29,5
set,55,30,56,29,208,836
push,55,30
pop,56,30
expand,56,30
eval,56,30,4
set,56,31,56,30,213,807
push,56,31
eval,56,30,3
eval,56,30,5
obs,55,31
pop,59,29
expand,59,29
eval,59,29,6
eval,59,29,5
eval,59,29,7
pop,56,31
expand,56,31
eval,56,31,4
set,56,32,56,31,230,790
push,56,32
eval,56,31,3
eval,56,31,5
set,55,32,56,31,242,802
push,55,32
pop,56,32
expand,56,32
eval,56,32,4
set,56,33,56,32,247,773
push,56,33
eval,56,32,3
obs,57,33
eval,56,32,5
set,55,33,56,32,259,785
push,55,33
pop,56,33
expand,56,33
eval,56,33,4
set,56,34,56,33,264,756
push,56,34
eval,56,33,3
set,57,34,56,33,276,744
push,57,34
eval,56,33,5
set,55,34,56,33,276,768
push,55,34
pop,60,28
expand,60,28
eval,60,28,6
obs,59,28
eval,60,28,5
eval,60,28,7
pop,56,34
expand,56,34
eval,56,34,4
set,56,35,56,34,281,739
push,56,35
eval,56,34,3
set,57,35,56,34,293,727
push,57,35
eval,56,34,5
obs,55,35
pop,57,34
expand,57,34
eval,57,34,3
set,58,35,57,34,305,715
push,58,35
eval,57,34,1
eval,57,34,2
set,58,34,57,34,293,732
push,58,34
eval,57,34,4
eval,57,34,5
pop,56,35
expand,56,35
eval,56,35,4
set,56,36,56,35,298,722
push,56,36
eval,56,35,3
set,57,36,56,35,310,710
push,57,36
eval,56,35,5
obs,55,36
pop,58,27
expand,58,27
eval,58,27,4
eval,58,27,3
obs,59,28
eval,58,27,5
pop,55,34
expand,55,34
eval,55,34,5
obs,54,35
eval,55,34,3
eval,55,34,4
obs,55,35
eval,55,34,6
set,54,34,55,34,293,780
push,54,34
eval,55,34,7
set,54,33,55,34,305,797
push,54,33
pop,59,30
expand,59,30
eval,59,30,5
eval,59,30,3
eval,59,30,4
eval,59,30,6
eval,59,30,7
pop,55,30
expand,55,30
eval,55,30,5
obs,54,31
eval,55,30,3
eval,55,30,4
obs,55,31
eval,55,30,6
set,54,30,55,30,225,848
push,54,30
eval,55,30,7
set,54,29,55,30,237,865
push,54,29
pop,68,27
expand,68,27
eval,68,27,2
obs,69,27
eval,68,27,1
obs,69,26
eval,68,27,3
obs,69,28
pop,71,26
expand,71,26
eval,71,26,2
set,72,26,71,26,312,796
push,72,26
eval,71,26,1
set,72,25,71,26,324,813
push,72,25
eval,71,26,3
set,72,27,71,26,324,779
push,72,27
pop,58,34
expand,58,34
eval,58,34,2
set,59,34,58,34,310,720
push,59,34
eval,58,34,1
obs,59,33
eval,58,34,3
set,59,35,58,34,322,703
push,59,35
pop,61,31
expand,61,31
eval,61,31,1
eval,61,31,7
obs,60,30
eval,61,31,0
eval,61,31,2
eval,61,31,3
pop,59,35
expand,59,35
eval,59,35,3
set,60,36,59,35,351,674
push,60,36
eval,59,35,1
obs,60,34
eval,59,35,2
obs,60,35
eval,59,35,4
set,59,36,59,35,339,686
push,59,36
eval,59,35,5
obs,58,36
pop,59,34
expand,59,34
eval,59,34,2
obs,60,34
eval,59,34,1
obs,60,33
eval,59,34,3
obs,60,35
pop,59,36
expand,59,36
eval,59,36,4
set,59,37,59,36,356,669
push,59,37
eval,59,36,3
obs,60,37
eval,59,36,5
set,58,37,59,36,368,681
push,58,37
pop,60,36
expand,60,36
eval,60,36,3
obs,61,37
eval,60,36,1
obs,61,35
eval,60,36,2
obs,61,36
eval,60,36,4
obs,60,37
eval,60,36,5
pop,58,37
expand,58,37
eval,58,37,5
obs,57,38
eval,58,37,3
set,59,38,58,37,397,652
push,59,38
eval,58,37,4
set,58,38,58,37,385,664
push,58,38
eval,58,37,6
set,57,37,58,37,385,693
push,57,37
eval,58,37,7
pop,59,37
expand,59,37
eval,59,37,4
eval,59,37,3
obs,60,38
eval,59,37,5
pop,55,28
expand,55,28
eval,55,28,6
set,54,28,55,28,196,882
push,54,28
eval,55,28,5
eval,55,28,7
set,54,27,55,28,208,899
push,54,27
pop,67,21
expand,67,21
eval,67,21,1
eval,67,21,7
obs,66,20
eval,67,21,0
eval,67,21,2
eval,67,21,3
pop,58,33
expand,58,33
eval,58,33,5
eval,58,33,3
eval,58,33,4
eval,58,33,6
obs,57,33
eval,58,33,7
pop,62,30
expand,62,30
eval,62,30,4
eval,62,30,3
eval,62,30,5
pop,59,38
expand,59,38
eval,59,38,3
set,60,39,59,38,426,623
push,60,39
eval,59,38,1
obs,60,37
eval,59,38,2
obs,60,38
eval,59,38,4
set,59,39,59,38,414,635
push,59,39
eval,59,38,5
set,58,39,59,38,426,647
push,58,39
pop,54,33
expand,54,33
eval,54,33,7
set,53,32,54,33,334,826
push,53,32
eval,54,33,5
set,53,34,54,33,334,792
push,53,34
eval,54,33,6
set,53,33,54,33,322,809
push,53,33
eval,54,33,0
obs,54,32
eval,54,33,1
pop,58,39
expand,58,39
eval,58,39,5
set,57,40,58,39,455,642
push,57,40
eval,58,39,3
set,59,40,58,39,455,618
push,59,40
eval,58,39,4
set,58,40,58,39,443,630
push,58,40
eval,58,39,6
set,57,39,58,39,443,659
push,57,39
eval,58,39,7
obs,57,38
pop,72,27
expand,72,27
eval,72,27,3
set,73,28,72,27,353,774
push,73,28
eval,72,27,1
obs,73,26
eval,72,27,2
set,73,27,72,27,341,791
push,73,27
eval,72,27,4
set,72,28,72,27,341,762
push,72,28
eval,72,27,5
set,71,28,72,27,353,750
push,71,28
pop,54,30
expand,54,30
eval,54,30,6
obs,53,30
eval,54,30,5
obs,53,31
eval,54,30,7
set,53,29,54,30,254,877
push,53,29
pop,54,34
expand,54,34
eval,54,34,6
eval,54,34,5
set,53,35,54,34,322,775
push,53,35
eval,54,34,7
pop,54,27
expand,54,27
eval,54,27,7
set,53,26,54,27,237,928
push,53,26
eval,54,27,5
set,53,28,54,27,237,894
push,53,28
eval,54,27,6
set,53,27,54,27,225,911
push,53,27
eval,54,27,0
set,54,26,54,27,225,916
push,54,26
eval,54,27,1
obs,55,26
pop,58,40
expand,58,40
eval,58,40,4
obs,58,41
eval,58,40,3
obs,59,41
eval,58,40,5
obs,57,41
pop,60,18
expand,60,18
eval,60,18,7
set,59,17,60,18,162,1009
push,59,17
eval,60,18,5
obs,59,19
eval,60,18,6
set,59,18,60,18,150,992
push,59,18
eval,60,18,0
obs,60,17
eval,60,18,1
set,61,17,60,18,162,985
push,61,17
pop,70,23
expand,70,23
eval,70,23,1
set,71,22,70,23,324,852
push,71,22
eval,70,23,7
eval,70,23,0
obs,70,22
eval,70,23,2
set,71,23,70,23,312,835
push,71,23
eval,70,23,3
pop,71,24
expand,71,24
eval,71,24,1
set,72,23,71,24,324,847
push,72,23
eval,71,24,7
eval,71,24,0
eval,71,24,2
set,72,24,71,24,312,830
push,72,24
eval,71,24,3
pop,53,29
expand,53,29
eval,53,29,7
set,52,28,53,29,283,906
push,52,28
eval,53,29,5
set,52,30,53,29,283,872
push,52,30
eval,53,29,6
set,52,29,53,29,271,889
push,52,29
eval,53,29,0
eval,53,29,1
pop,68,19
expand,68,19
eval,68,19,1
obs,69,18
eval,68,19,7
set,67,18,68,19,271,896
push,67,18
eval,68,19,0
set,68,18,68,19,259,884
push,68,18
eval,68,19,2
set,69,19,68,19,259,879
push,69,19
eval,68,19,3
pop,72,25
expand,72,25
eval,72,25,1
set,73,24,72,25,353,842
push,73,24
eval,72,25,7
eval,72,25,0
eval,72,25,2
set,73,25,72,25,341,825
push,73,25
eval,72,25,3
obs,73,26
pop,57,31
expand,57,31
eval,57,31,5
eval,57,31,3
obs,58,32
eval,57,31,4
eval,57,31,6
eval,57,31,7
pop,54,26
expand,54,26
eval,54,26,0
obs,54,25
eval,54,26,7
set,53,25,54,26,254,945
push,53,25
eval,54,26,1
obs,55,25
pop,53,33
expand,53,33
eval,53,33,6
set,52,33,53,33,339,821
push,52,33
eval,53,33,5
set,52,34,53,33,351,804
push,52,34
eval,53,33,7
set,52,32,53,33,351,838
push,52,32
pop,72,24
expand,72,24
eval,72,24,2
eval,72,24,1
set,73,23,72,24,341,859
push,73,23
eval,72,24,3
pop,61,17
expand,61,17
eval,61,17,1
obs,62,16
eval,61,17,7
obs,60,16
eval,61,17,0
obs,61,16
eval,61,17,2
obs,62,17
eval,61,17,3
obs,62,18
pop,52,29
expand,52,29
eval,52,29,6
set,51,29,52,29,288,901
push,51,29
eval,52,29,5
set,51,30,52,29,300,884
push,51,30
eval,52,29,7
set,51,28,52,29,300,918
push,51,28
pop,57,30
expand,57,30
eval,57,30,5
eval,57,30,3
eval,57,30,4
eval,57,30,6
eval,57,30,7
pop,73,25
expand,73,25
eval,73,25,2
set,74,25,73,25,358,837
push,74,25
eval,73,25,1
set,74,24,73,25,370,854
push,74,24
eval,73,25,3
set,74,26,73,25,370,820
push,74,26
pop,51,30
expand,51,30
eval,51,30,5
set,50,31,51,30,329,879
push,50,31
eval,51,30,3
set,52,31,51,30,329,855
push,52,31
eval,51,30,4
obs,51,31
eval,51,30,6
set,50,30,51,30,317,896
push,50,30
eval,51,30,7
set,50,29,51,30,329,913
push,50,29
pop,52,32
expand,52,32
eval,52,32,7
obs,51,31
eval,52,32,5
set,51,33,52,32,380,833
push,51,33
eval,52,32,6
set,51,32,52,32,368,850
push,51,32
eval,52,32,0
eval,52,32,1
obs,53,31
pop,60,20
expand,60,20
eval,60,20,6
obs,59,20
eval,60,20,5
obs,59,21
eval,60,20,7
obs,59,19
pop,73,24
expand,73,24
eval,73,24,1
set,74,23,73,24,382,871
push,74,23
eval,73,24,7
eval,73,24,0
eval,73,24,2
eval,73,24,3
pop,74,25
expand,74,25
eval,74,25,2
set,75,25,74,25,375,849
push,75,25
eval,74,25,1
set,75,24,74,25,387,866
push,75,24
eval,74,25,3
obs,75,26
pop,53,25
expand,53,25
eval,53,25,7
obs,52,24
eval,53,25,5
set,52,26,53,25,283,940
push,52,26
eval,53,25,6
set,52,25,53,25,271,957
push,52,25
eval,53,25,0
set,53,24,53,25,271,962
push,53,24
eval,53,25,1
set,54,24,53,25,283,950
push,54,24
pop,73,23
expand,73,23
eval,73,23,1
set,74,22,73,23,370,888
push,74,22
eval,73,23,7
obs,72,22
eval,73,23,0
set,73,22,73,23,358,876
push,73,22
eval,73,23,2
eval,73,23,3
pop,71,23
expand,71,23
eval,71,23,2
eval,71,23,1
obs,72,22
eval,71,23,3
pop,50,31
expand,50,31
eval,50,31,5
set,49,32,50,31,358,874
push,49,32
eval,50,31,3
eval,50,31,4
set,50,32,50,31,346,862
push,50,32
eval,50,31,6
set,49,31,50,31,346,891
push,49,31
eval,50,31,7
set,49,30,50,31,358,908
push,49,30
pop,51,28
expand,51,28
eval,51,28,7
set,50,27,51,28,329,947
push,50,27
eval,51,28,5
eval,51,28,6
set,50,28,51,28,317,930
push,50,28
eval,51,28,0
set,51,27,51,28,317,935
push,51,27
eval,51,28,1
set,52,27,51,28,329,923
push,52,27
pop,69,20
expand,69,20
eval,69,20,1
set,70,19,69,20,271,891
push,70,19
eval,69,20,7
eval,69,20,0
eval,69,20,2
set,70,20,69,20,259,874
push,70,20
eval,69,20,3
pop,53,27
expand,53,27
eval,53,27,6
eval,53,27,5
eval,53,27,7
pop,57,32
expand,57,32
eval,57,32,5
eval,57,32,3
eval,57,32,4
obs,57,33
eval,57,32,6
eval,57,32,7
pop,57,39
expand,57,39
eval,57,39,6
set,56,39,57,39,460,671
push,56,39
eval,57,39,5
set,56,40,57,39,472,654
push,56,40
eval,57,39,7
set,56,38,57,39,472,688
push,56,38
pop,50,29
expand,50,29
eval,50,29,7
set,49,28,50,29,358,942
push,49,28
eval,50,29,5
eval,50,29,6
set,49,29,50,29,346,925
push,49,29
eval,50,29,0
eval,50,29,1
pop,71,28
expand,71,28
eval,71,28,5
set,70,29,71,28,382,721
push,70,29
eval,71,28,3
set,72,29,71,28,382,745
push,72,29
eval,71,28,4
set,71,29,71,28,370,733
push,71,29
eval,71,28,6
set,70,28,71,28,370,738
push,70,28
eval,71,28,7
obs,70,27
pop,74,24
expand,74,24
eval,74,24,1
set,75,23,74,24,399,883
push,75,23
eval,74,24,7
eval,74,24,0
eval,74,24,2
eval,74,24,3
pop,70,28
expand,70,28
eval,70,28,6
obs,69,28
eval,70,28,5
obs,69,29
eval,70,28,7
obs,69,27
pop,50,30
expand,50,30
eval,50,30,6
eval,50,30,5
eval,50,30,7
pop,72,26
expand,72,26
eval,72,26,2
obs,73,26
eval,72,26,1
eval,72,26,3
pop,72,29
expand,72,29
eval,72,29,3
obs,73,30
eval,72,29,1
eval,72,29,2
set,73,29,72,29,399,757
push,73,29
eval,72,29,4
set,72,30,72,29,399,728
push,72,30
eval,72,29,5
set,71,30,72,29,411,716
push,71,30
pop,70,20
expand,70,20
eval,70,20,2
set,71,20,70,20,276,886
push,71,20
eval,70,20,1
obs,71,19
eval,70,20,3
set,71,21,70,20,288,869
push,71,21
pop,71,30
expand,71,30
eval,71,30,5
set,70,31,71,30,440,687
push,70,31
eval,71,30,3
set,72,31,71,30,440,711
push,72,31
eval,71,30,4
set,71,31,71,30,428,699
push,71,31
eval,71,30,6
obs,70,30
eval,71,30,7
pop,69,19
expand,69,19
eval,69,19,2
eval,69,19,1
obs,70,18
eval,69,19,3
pop,71,31
expand,71,31
eval,71,31,4
set,71,32,71,31,445,682
push,71,32
eval,71,31,3
obs,72,32
eval,71,31,5
set,70,32,71,31,457,670
push,70,32
pop,72,31
expand,72,31
eval,72,31,3
obs,73,32
eval,72,31,1
obs,73,30
eval,72,31,2
obs,73,31
eval,72,31,4
obs,72,32
eval,72,31,5
pop,70,32
expand,70,32
eval,70,32,5
set,69,33,70,32,486,641
push,69,33
eval,70,32,3
set,71,33,70,32,486,665
push,71,33
eval,70,32,4
set,70,33,70,32,474,653
push,70,33
eval,70,32,6
set,69,32,70,32,474,658
push,69,32
eval,70,32,7
obs,69,31
pop,71,32
expand,71,32
eval,71,32,4
eval,71,32,3
obs,72,33
eval,71,32,5
pop,52,34
expand,52,34
eval,52,34,5
set,51,35,52,34,380,799
push,51,35
eval,52,34,3
eval,52,34,4
set,52,35,52,34,368,787
push,52,35
eval,52,34,6
set,51,34,52,34,368,816
push,51,34
eval,52,34,7
pop,70,33
expand,70,33
eval,70,33,4
set,70,34,70,33,491,636
push,70,34
eval,70,33,3
set,71,34,70,33,503,648
push,71,34
eval,70,33,5
obs,69,34
pop,73,28
expand,73,28
eval,73,28,3
set,74,29,73,28,382,769
push,74,29
eval,73,28,1
obs,74,27
eval,73,28,2
obs,74,28
eval,73,28,4
eval,73,28,5
pop,53,35
expand,53,35
eval,53,35,5
set,52,36,53,35,351,770
push,52,36
eval,53,35,3
obs,54,36
eval,53,35,4
set,53,36,53,35,339,758
push,53,36
eval,53,35,6
eval,53,35,7
pop,73,27
expand,73,27
eval,73,27,2
obs,74,27
eval,73,27,1
eval,73,27,3
obs,74,28
pop,54,28
expand,54,28
eval,54,28,6
eval,54,28,5
eval,54,28,7
pop,55,27
expand,55,27
eval,55,27,7
eval,55,27,5
eval,55,27,6
eval,55,27,0
obs,55,26
eval,55,27,1
obs,56,26
pop,52,36
expand,52,36
eval,52,36,5
set,51,37,52,36,380,765
push,51,37
eval,52,36,3
set,53,37,52,36,380,741
push,53,37
eval,52,36,4
set,52,37,52,36,368,753
push,52,37
eval,52,36,6
set,51,36,52,36,368,782
push,51,36
eval,52,36,7
pop,53,34
expand,53,34
eval,53,34,5
eval,53,34,3
obs,54,35
eval,53,34,4
eval,53,34,6
eval,53,34,7
pop,53,28
expand,53,28
eval,53,28,5
eval,53,28,3
eval,53,28,4
eval,53,28,6
eval,53,28,7
pop,57,37
expand,57,37
eval,57,37,6
set,56,37,57,37,402,705
push,56,37
eval,57,37,5
eval,57,37,7
pop,56,36
expand,56,36
eval,56,36,4
eval,56,36,3
eval,56,36,5
set,55,37,56,36,327,717
push,55,37
pop,58,38
expand,58,38
eval,58,38,4
eval,58,38,3
eval,58,38,5
pop,70,24
expand,70,24
eval,70,24,1
eval,70,24,7
obs,69,23
eval,70,24,0
eval,70,24,2
eval,70,24,3
obs,71,25
pop,61,26
expand,61,26
eval,61,26,4
eval,61,26,3
eval,61,26,5
pop,71,27
expand,71,27
eval,71,27,3
eval,71,27,1
eval,71,27,2
eval,71,27,4
eval,71,27,5
pop,51,36
expand,51,36
eval,51,36,6
set,50,36,51,36,385,794
push,50,36
eval,51,36,5
set,50,37,51,36,397,777
push,50,37
eval,51,36,7
obs,50,35
pop,52,37
expand,52,37
eval,52,37,4
set,52,38,52,37,385,736
push,52,38
eval,52,37,3
set,53,38,52,37,397,724
push,53,38
eval,52,37,5
set,51,38,52,37,397,748
push,51,38
pop,69,33
expand,69,33
eval,69,33,5
obs,68,34
eval,69,33,3
eval,69,33,4
obs,69,34
eval,69,33,6
obs,68,33
eval,69,33,7
obs,68,32
pop,51,38
expand,51,38
eval,51,38,5
obs,50,39
eval,51,38,3
set,52,39,51,38,426,719
push,52,39
eval,51,38,4
set,51,39,51,38,414,731
push,51,39
eval,51,38,6
obs,50,38
eval,51,38,7
pop,53,38
expand,53,38
eval,53,38,3
set,54,39,53,38,426,695
push,54,39
eval,53,38,1
obs,54,37
eval,53,38,2
set,54,38,53,38,414,712
push,54,38
eval,53,38,4
set,53,39,53,38,414,707
push,53,39
eval,53,38,5
pop,51,39
expand,51,39
eval,51,39,4
set,51,40,51,39,431,714
push,51,40
eval,51,39,3
set,52,40,51,39,443,702
push,52,40
eval,51,39,5
set,50,40,51,39,443,726
push,50,40
pop,53,39
expand,53,39
eval,53,39,4
set,53,40,53,39,431,690
push,53,40
eval,53,39,3
obs,54,40
eval,53,39,5
pop,56,38
expand,56,38
eval,56,38,7
eval,56,38,5
set,55,39,56,38,501,683
push,55,39
eval,56,38,6
set,55,38,56,38,489,700
push,55,38
eval,56,38,0
eval,56,38,1
pop,53,40
expand,53,40
eval,53,40,4
set,53,41,53,40,448,673
push,53,41
eval,53,40,3
set,54,41,53,40,460,661
push,54,41
eval,53,40,5
obs,52,41
pop,70,19
expand,70,19
eval,70,19,1
obs,71,18
eval,70,19,7
obs,69,18
eval,70,19,0
obs,70,18
eval,70,19,2
obs,71,19
eval,70,19,3
pop,54,41
expand,54,41
eval,54,41,3
set,55,42,54,41,489,632
push,55,42
eval,54,41,1
set,55,40,54,41,489,666
push,55,40
eval,54,41,2
set,55,41,54,41,477,649
push,55,41
eval,54,41,4
set,54,42,54,41,477,644
push,54,42
eval,54,41,5
obs,53,42
pop,53,41
expand,53,41
eval,53,41,4
obs,53,42
eval,53,41,3
eval,53,41,5
set,52,42,53,41,477,668
push,52,42
pop,54,42
expand,54,42
eval,54,42,4
set,54,43,54,42,494,627
push,54,43
eval,54,42,3
set,55,43,54,42,506,615
push,55,43
eval,54,42,5
obs,53,43
pop,54,43
expand,54,43
eval,54,43,4
obs,54,44
eval,54,43,3
set,55,44,54,43,523,598
push,55,44
eval,54,43,5
obs,53,44
pop,55,43
expand,55,43
eval,55,43,3
set,56,44,55,43,535,586
push,56,44
eval,55,43,1
obs,56,42
eval,55,43,2
set,56,43,55,43,523,603
push,56,43
eval,55,43,4
eval,55,43,5
obs,54,44
pop,55,44
expand,55,44
eval,55,44,3
set,56,45,55,44,552,569
push,56,45
eval,55,44,1
eval,55,44,2
eval,55,44,4
set,55,45,55,44,540,581
push,55,45
eval,55,44,5
obs,54,45
pop,56,44
expand,56,44
eval,56,44,3
set,57,45,56,44,564,557
push,57,45
eval,56,44,1
set,57,43,56,44,564,591
push,57,43
eval,56,44,2
set,57,44,56,44,552,574
push,57,44
eval,56,44,4
eval,56,44,5
pop,56,45
expand,56,45
eval,56,45,3
set,57,46,56,45,581,540
push,57,46
eval,56,45,1
eval,56,45,2
eval,56,45,4
set,56,46,56,45,569,552
push,56,46
eval,56,45,5
set,55,46,56,45,581,564
push,55,46
pop,55,45
expand,55,45
eval,55,45,4
eval,55,45,3
eval,55,45,5
set,54,46,55,45,569,576
push,54,46
pop,57,45
expand,57,45
eval,57,45,3
set,58,46,57,45,593,528
push,58,46
eval,57,45,1
set,58,44,57,45,593,562
push,58,44
eval,57,45,2
obs,58,45
eval,57,45,4
eval,57,45,5
pop,56,43
expand,56,43
eval,56,43,2
eval,56,43,1
set,57,42,56,43,552,608
push,57,42
eval,56,43,3
pop,70,34
expand,70,34
eval,70,34,4
set,70,35,70,34,508,619
push,70,35
eval,70,34,3
obs,71,35
eval,70,34,5
set,69,35,70,34,520,607
push,69,35
pop,70,35
expand,70,35
eval,70,35,4
obs,70,36
eval,70,35,3
set,71,36,70,35,537,614
push,71,36
eval,70,35,5
set,69,36,70,35,537,590
push,69,36
pop,69,35
expand,69,35
eval,69,35,5
set,68,36,69,35,549,578
push,68,36
eval,69,35,3
obs,70,36
eval,69,35,4
eval,69,35,6
set,68,35,69,35,537,595
push,68,35
eval,69,35,7
obs,68,34
pop,69,36
expand,69,36
eval,69,36,5
set,68,37,69,36,566,561
push,68,37
eval,69,36,3
set,70,37,69,36,566,585
push,70,37
eval,69,36,4
set,69,37,69,36,554,573
push,69,37
eval,69,36,6
eval,69,36,7
pop,68,36
expand,68,36
eval,68,36,5
obs,67,37
eval,68,36,3
eval,68,36,4
eval,68,36,6
obs,67,36
eval,68,36,7
obs,67,35
pop,68,37
expand,68,37
eval,68,37,5
obs,67,38
eval,68,37,3
set,69,38,68,37,595,556
push,69,38
eval,68,37,4
set,68,38,68,37,583,544
push,68,38
eval,68,37,6
obs,67,37
eval,68,37,7
obs,67,36
pop,69,37
expand,69,37
eval,69,37,4
eval,69,37,3
set,70,38,69,37,583,568
push,70,38
eval,69,37,5
pop,68,38
expand,68,38
eval,68,38,4
set,68,39,68,38,600,527
push,68,39
eval,68,38,3
set,69,39,68,38,612,539
push,69,39
eval,68,38,5
obs,67,39
pop,57,29
expand,57,29
eval,57,29,5
eval,57,29,3
eval,57,29,4
eval,57,29,6
eval,57,29,7
pop,68,39
expand,68,39
eval,68,39,4
set,68,40,68,39,617,510
push,68,40
eval,68,39,3
set,69,40,68,39,629,522
push,69,40
eval,68,39,5
set,67,40,68,39,629,522
push,67,40
pop,68,40
expand,68,40
eval,68,40,4
set,68,41,68,40,634,493
push,68,41
eval,68,40,3
set,69,41,68,40,646,505
push,69,41
eval,68,40,5
set,67,41,68,40,646,505
push,67,41
pop,68,41
expand,68,41
eval,68,41,4
set,68,42,68,41,651,476
push,68,42
eval,68,41,3
set,69,42,68,41,663,488
push,69,42
eval,68,41,5
obs,67,42
pop,52,42
expand,52,42
eval,52,42,5
set,51,43,52,42,506,663
push,51,43
eval,52,42,3
obs,53,43
eval,52,42,4
obs,52,43
eval,52,42,6
set,51,42,52,42,494,680
push,51,42
eval,52,42,7
set,51,41,52,42,506,697
push,51,41
pop,55,46
expand,55,46
eval,55,46,5
obs,54,47
eval,55,46,3
set,56,47,55,46,610,535
push,56,47
eval,55,46,4
set,55,47,55,46,598,547
push,55,47
eval,55,46,6
eval,55,46,7
obs,54,45
pop,67,41
expand,67,41
eval,67,41,5
set,66,42,67,41,675,500
push,66,42
eval,67,41,3
eval,67,41,4
obs,67,42
eval,67,41,6
set,66,41,67,41,663,517
push,66,41
eval,67,41,7
set,66,40,67,41,675,534
push,66,40
pop,55,47
expand,55,47
eval,55,47,4
set,55,48,55,47,615,530
push,55,48
eval,55,47,3
obs,56,48
eval,55,47,5
obs,54,48
pop,57,42
expand,57,42
eval,57,42,1
obs,58,41
eval,57,42,7
set,56,41,57,42,581,637
push,56,41
eval,57,42,0
obs,57,41
eval,57,42,2
set,58,42,57,42,569,596
push,58,42
eval,57,42,3
set,58,43,57,42,581,579
push,58,43
pop,52,30
expand,52,30
eval,52,30,5
obs,51,31
eval,52,30,3
obs,53,31
eval,52,30,4
eval,52,30,6
eval,52,30,7
pop,53,32
expand,53,32
eval,53,32,7
eval,53,32,5
eval,53,32,6
eval,53,32,0
obs,53,31
eval,53,32,1
obs,54,31
pop,53,37
expand,53,37
eval,53,37,3
eval,53,37,1
obs,54,36
eval,53,37,2
obs,54,37
eval,53,37,4
eval,53,37,5
pop,53,26
expand,53,26
eval,53,26,7
eval,53,26,5
eval,53,26,6
eval,53,26,0
eval,53,26,1
obs,54,25
pop,67,40
expand,67,40
eval,67,40,5
eval,67,40,3
eval,67,40,4
eval,67,40,6
eval,67,40,7
obs,66,39
pop,68,42
expand,68,42
eval,68,42,4
set,68,43,68,42,668,459
push,68,43
eval,68,42,3
set,69,43,68,42,680,471
push,69,43
eval,68,42,5
set,67,43,68,42,680,471
push,67,43
pop,51,37
expand,51,37
eval,51,37,5
obs,50,38
eval,51,37,3
eval,51,37,4
eval,51,37,6
eval,51,37,7
pop,67,43
expand,67,43
eval,67,43,5
set,66,44,67,43,709,466
push,66,44
eval,67,43,3
set,68,44,67,43,709,442
push,68,44
eval,67,43,4
set,67,44,67,43,697,454
push,67,44
eval,67,43,6
set,66,43,67,43,697,483
push,66,43
eval,67,43,7
pop,69,43
expand,69,43
eval,69,43,3
set,70,44,69,43,709,466
push,70,44
eval,69,43,1
set,70,42,69,43,709,500
push,70,42
eval,69,43,2
set,70,43,69,43,697,483
push,70,43
eval,69,43,4
obs,69,44
eval,69,43,5
pop,66,43
expand,66,43
eval,66,43,6
set,65,43,66,43,714,495
push,65,43
eval,66,43,5
set,65,44,66,43,726,478
push,65,44
eval,66,43,7
set,65,42,66,43,726,512
push,65,42
pop,70,43
expand,70,43
eval,70,43,2
obs,71,43
eval,70,43,1
obs,71,42
eval,70,43,3
set,71,44,70,43,726,478
push,71,44
pop,54,24
expand,54,24
eval,54,24,1
set,55,23,54,24,312,955
push,55,23
eval,54,24,7
set,53,23,54,24,312,979
push,53,23
eval,54,24,0
set,54,23,54,24,300,967
push,54,23
eval,54,24,2
set,55,24,54,24,300,938
push,55,24
eval,54,24,3
obs,55,25
pop,68,24
expand,68,24
eval,68,24,3
eval,68,24,1
obs,69,23
eval,68,24,2
eval,68,24,4
eval,68,24,5
pop,57,35
expand,57,35
eval,57,35,3
obs,58,36
eval,57,35,1
eval,57,35,2
eval,57,35,4
eval,57,35,5
pop,58,35
expand,58,35
eval,58,35,3
eval,58,35,1
eval,58,35,2
eval,58,35,4
obs,58,36
eval,58,35,5
pop,74,23
expand,74,23
eval,74,23,1
set,75,22,74,23,411,900
push,75,22
eval,74,23,7
eval,74,23,0
eval,74,23,2
eval,74,23,3
pop,74,22
expand,74,22
eval,74,22,1
obs,75,21
eval,74,22,7
obs,73,21
eval,74,22,0
set,74,21,74,22,387,905
push,74,21
eval,74,22,2
eval,74,22,3
pop,49,30
expand,49,30
eval,49,30,7
set,48,29,49,30,387,937
push,48,29
eval,49,30,5
set,48,31,49,30,387,903
push,48,31
eval,49,30,6
set,48,30,49,30,375,920
push,48,30
eval,49,30,0
eval,49,30,1
pop,52,31
expand,52,31
eval,52,31,3
eval,52,31,1
obs,53,30
eval,52,31,2
obs,53,31
eval,52,31,4
eval,52,31,5
pop,73,22
expand,73,22
eval,73,22,0
obs,73,21
eval,73,22,7
obs,72,21
eval,73,22,1
pop,49,29
expand,49,29
eval,49,29,6
eval,49,29,5
eval,49,29,7
set,48,28,49,29,375,954
push,48,28
pop,75,23
expand,75,23
eval,75,23,1
set,76,22,75,23,428,912
push,76,22
eval,75,23,7
eval,75,23,0
eval,75,23,2
obs,76,23
eval,75,23,3
set,76,24,75,23,428,878
push,76,24
pop,60,19
expand,60,19
eval,60,19,7
eval,60,19,5
obs,59,20
eval,60,19,6
obs,59,19
eval,60,19,0
eval,60,19,1
pop,53,23
expand,53,23
eval,53,23,7
set,52,22,53,23,341,1008
push,52,22
eval,53,23,5
obs,52,24
eval,53,23,6
set,52,23,53,23,329,991
push,52,23
eval,53,23,0
set,53,22,53,23,329,996
push,53,22
eval,53,23,1
set,54,22,53,23,341,984
push,54,22
pop,75,24
expand,75,24
eval,75,24,1
obs,76,23
eval,75,24,7
eval,75,24,0
eval,75,24,2
eval,75,24,3
set,76,25,75,24,416,861
push,76,25
pop,74,21
expand,74,21
eval,74,21,0
set,74,20,74,21,404,922
push,74,20
eval,74,21,7
obs,73,20
eval,74,21,1
obs,75,20
pop,75,25
expand,75,25
eval,75,25,2
eval,75,25,1
eval,75,25,3
set,76,26,75,25,404,844
push,76,26
pop,70,29
expand,70,29
eval,70,29,5
obs,69,30
eval,70,29,3
eval,70,29,4
obs,70,30
eval,70,29,6
obs,69,29
eval,70,29,7
obs,69,28
pop,51,34
expand,51,34
eval,51,34,6
set,50,34,51,34,385,828
push,50,34
eval,51,34,5
obs,50,35
eval,51,34,7
set,50,33,51,34,397,845
push,50,33
pop,75,22
expand,75,22
eval,75,22,1
set,76,21,75,22,440,929
push,76,21
eval,75,22,7
eval,75,22,0
obs,75,21
eval,75,22,2
eval,75,22,3
obs,76,23
pop,68,35
expand,68,35
eval,68,35,6
obs,67,35
eval,68,35,5
obs,67,36
eval,68,35,7
obs,67,34
pop,48,29
expand,48,29
eval,48,29,7
set,47,28,48,29,416,966
push,47,28
eval,48,29,5
obs,47,30
eval,48,29,6
obs,47,29
eval,48,29,0
eval,48,29,1
pop,74,26
expand,74,26
eval,74,26,3
set,75,27,74,26,399,815
push,75,27
eval,74,26,1
eval,74,26,2
obs,75,26
eval,74,26,4
obs,74,27
eval,74,26,5
pop,51,32
expand,51,32
eval,51,32,6
eval,51,32,5
eval,51,32,7
pop,51,41
expand,51,41
eval,51,41,7
eval,51,41,5
obs,50,42
eval,51,41,6
set,50,41,51,41,523,709
push,50,41
eval,51,41,0
eval,51,41,1
pop,54,23
expand,54,23
eval,54,23,0
eval,54,23,7
eval,54,23,1
obs,55,22
pop,73,29
expand,73,29
eval,73,29,2
eval,73,29,1
obs,74,28
eval,73,29,3
set,74,30,73,29,428,752
push,74,30
pop,71,44
expand,71,44
eval,71,44,3
set,72,45,71,44,755,473
push,72,45
eval,71,44,1
set,72,43,71,44,755,507
push,72,43
eval,71,44,2
obs,72,44
eval,71,44,4
set,71,45,71,44,743,461
push,71,45
eval,71,44,5
set,70,45,71,44,755,449
push,70,45
pop,74,30
expand,74,30
eval,74,30,3
obs,75,31
eval,74,30,1
set,75,29,74,30,457,781
push,75,29
eval,74,30,2
set,75,30,74,30,445,764
push,75,30
eval,74,30,4
obs,74,31
eval,74,30,5
obs,73,31
pop,70,45
expand,70,45
eval,70,45,5
set,69,46,70,45,784,420
push,69,46
eval,70,45,3
obs,71,46
eval,70,45,4
obs,70,46
eval,70,45,6
set,69,45,70,45,772,437
push,69,45
eval,70,45,7
obs,69,44
pop,69,46
expand,69,46
eval,69,46,5
set,68,47,69,46,813,391
push,68,47
eval,69,46,3
set,70,47,69,46,813,415
push,70,47
eval,69,46,4
set,69,47,69,46,801,403
push,69,47
eval,69,46,6
obs,68,46
eval,69,46,7
set,68,45,69,46,813,425
push,68,45
pop,68,47
expand,68,47
eval,68,47,5
obs,67,48
eval,68,47,3
set,69,48,68,47,842,386
push,69,48
eval,68,47,4
set,68,48,68,47,830,374
push,68,48
eval,68,47,6
set,67,47,68,47,830,403
push,67,47
eval,68,47,7
set,67,46,68,47,842,420
push,67,46
pop,69,47
expand,69,47
eval,69,47,4
eval,69,47,3
set,70,48,69,47,830,398
push,70,48
eval,69,47,5
pop,68,48
expand,68,48
eval,68,48,4
set,68,49,68,48,847,357
push,68,49
eval,68,48,3
set,69,49,68,48,859,369
push,69,49
eval,68,48,5
set,67,49,68,48,859,369
push,67,49
pop,68,49
expand,68,49
eval,68,49,4
set,68,50,68,49,864,340
push,68,50
eval,68,49,3
set,69,50,68,49,876,352
push,69,50
eval,68,49,5
set,67,50,68,49,876,352
push,67,50
pop,68,50
expand,68,50
eval,68,50,4
set,68,51,68,50,881,323
push,68,51
eval,68,50,3
set,69,51,68,50,893,335
push,69,51
eval,68,50,5
set,67,51,68,50,893,335
push,67,51
pop,75,30
expand,75,30
eval,75,30,2
set,76,30,75,30,462,776
push,76,30
eval,75,30,1
set,76,29,75,30,474,793
push,76,29
eval,75,30,3
set,76,31,75,30,474,759
push,76,31
pop,69,45
expand,69,45
eval,69,45,6
eval,69,45,5
obs,68,46
eval,69,45,7
pop,61,18
expand,61,18
eval,61,18,7
obs,60,17
eval,61,18,5
eval,61,18,6
eval,61,18,0
eval,61,18,1
obs,62,17
pop,68,51
expand,68,51
eval,68,51,4
set,68,52,68,51,898,306
push,68,52
eval,68,51,3
obs,69,52
eval,68,51,5
set,67,52,68,51,910,318
push,67,52
pop,51,33
expand,51,33
eval,51,33,5
eval,51,33,3
eval,51,33,4
eval,51,33,6
eval,51,33,7
pop,66,40
expand,66,40
eval,66,40,7
obs,65,39
eval,66,40,5
set,65,41,66,40,704,529
push,65,41
eval,66,40,6
obs,65,40
eval,66,40,0
obs,66,39
eval,66,40,1
obs,67,39
pop,72,28
expand,72,28
eval,72,28,4
eval,72,28,3
eval,72,28,5
pop,67,51
expand,67,51
eval,67,51,5
set,66,52,67,51,922,330
push,66,52
eval,67,51,3
eval,67,51,4
eval,67,51,6
set,66,51,67,51,910,347
push,66,51
eval,67,51,7
set,66,50,67,51,922,364
push,66,50
pop,57,46
expand,57,46
eval,57,46,3
set,58,47,57,46,610,511
push,58,47
eval,57,46,1
obs,58,45
eval,57,46,2
eval,57,46,4
set,57,47,57,46,598,523
push,57,47
eval,57,46,5
pop,70,48
expand,70,48
eval,70,48,3
set,71,49,70,48,859,393
push,71,49
eval,70,48,1
set,71,47,70,48,859,427
push,71,47
eval,70,48,2
set,71,48,70,48,847,410
push,71,48
eval,70,48,4
set,70,49,70,48,847,381
push,70,49
eval,70,48,5
pop,54,29
expand,54,29
eval,54,29,7
eval,54,29,5
obs,53,30
eval,54,29,6
eval,54,29,0
eval,54,29,1
pop,59,25
expand,59,25
eval,59,25,5
eval,59,25,3
obs,60,26
eval,59,25,4
eval,59,25,6
eval,59,25,7
pop,66,23
expand,66,23
eval,66,23,1
obs,67,22
eval,66,23,7
eval,66,23,0
eval,66,23,2
eval,66,23,3
pop,76,31
expand,76,31
eval,76,31,3
set,77,32,76,31,503,754
push,77,32
eval,76,31,1
set,77,30,76,31,503,788
push,77,30
eval,76,31,2
set,77,31,76,31,491,771
push,77,31
eval,76,31,4
set,76,32,76,31,491,742
push,76,32
eval,76,31,5
set,75,32,76,31,503,730
push,75,32
pop,76,30
expand,76,30
eval,76,30,2
eval,76,30,1
set,77,29,76,30,491,805
push,77,29
eval,76,30,3
pop,55,37
expand,55,37
eval,55,37,5
eval,55,37,3
eval,55,37,4
eval,55,37,6
obs,54,37
eval,55,37,7
obs,54,36
pop,75,32
expand,75,32
eval,75,32,5
set,74,33,75,32,532,701
push,74,33
eval,75,32,3
set,76,33,75,32,532,725
push,76,33
eval,75,32,4
set,75,33,75,32,520,713
push,75,33
eval,75,32,6
obs,74,32
eval,75,32,7
obs,74,31
pop,56,41
expand,56,41
eval,56,41,7
eval,56,41,5
eval,56,41,6
eval,56,41,0
eval,56,41,1
pop,55,38
expand,55,38
eval,55,38,6
eval,55,38,5
eval,55,38,7
obs,54,37
pop,72,23
expand,72,23
eval,72,23,1
eval,72,23,7
eval,72,23,0
obs,72,22
eval,72,23,2
eval,72,23,3
pop,51,35
expand,51,35
eval,51,35,5
eval,51,35,3
eval,51,35,4
eval,51,35,6
obs,50,35
eval,51,35,7
pop,67,52
expand,67,52
eval,67,52,5
obs,66,53
eval,67,52,3
set,68,53,67,52,939,289
push,68,53
eval,67,52,4
obs,67,53
eval,67,52,6
eval,67,52,7
pop,67,46
expand,67,46
eval,67,46,7
set,66,45,67,46,871,449
push,66,45
eval,67,46,5
set,66,47,67,46,871,415
push,66,47
eval,67,46,6
set,66,46,67,46,859,432
push,66,46
eval,67,46,0
set,67,45,67,46,859,437
push,67,45
eval,67,46,1
pop,67,47
expand,67,47
eval,67,47,6
eval,67,47,5
set,66,48,67,47,859,398
push,66,48
eval,67,47,7
pop,55,24
expand,55,24
eval,55,24,2
obs,56,24
eval,55,24,1
obs,56,23
eval,55,24,3
obs,56,25
pop,52,26
expand,52,26
eval,52,26,5
eval,52,26,3
eval,52,26,4
eval,52,26,6
set,51,26,52,26,300,952
push,51,26
eval,52,26,7
set,51,25,52,26,312,969
push,51,25
pop,55,23
expand,55,23
eval,55,23,1
obs,56,22
eval,55,23,7
eval,55,23,0
obs,55,22
eval,55,23,2
obs,56,23
eval,55,23,3
obs,56,24
pop,76,29
expand,76,29
eval,76,29,1
set,77,28,76,29,503,822
push,77,28
eval,76,29,7
set,75,28,76,29,503,798
push,75,28
eval,76,29,0
set,76,28,76,29,491,810
push,76,28
eval,76,29,2
eval,76,29,3
pop,65,42
expand,65,42
eval,65,42,7
set,64,41,65,42,755,541
push,64,41
eval,65,42,5
obs,64,43
eval,65,42,6
set,64,42,65,42,743,524
push,64,42
eval,65,42,0
eval,65,42,1
pop,71,29
expand,71,29
eval,71,29,4
eval,71,29,3
eval,71,29,5
obs,70,30
pop,50,37
expand,50,37
eval,50,37,5
obs,49,38
eval,50,37,3
eval,50,37,4
obs,50,38
eval,50,37,6
obs,49,37
eval,50,37,7
obs,49,36
pop,66,50
expand,66,50
eval,66,50,7
set,65,49,66,50,951,393
push,65,49
eval,66,50,5
set,65,51,66,50,951,359
push,65,51
eval,66,50,6
set,65,50,66,50,939,376
push,65,50
eval,66,50,0
obs,66,49
eval,66,50,1
pop,48,31
expand,48,31
eval,48,31,5
obs,47,32
eval,48,31,3
eval,48,31,4
set,48,32,48,31,404,886
push,48,32
eval,48,31,6
set,47,31,48,31,404,915
push,47,31
eval,48,31,7
obs,47,30
pop,71,47
expand,71,47
eval,71,47,1
set,72,46,71,47,888,456
push,72,46
eval,71,47,7
obs,70,46
eval,71,47,0
obs,71,46
eval,71,47,2
set,72,47,71,47,876,439
push,72,47
eval,71,47,3
set,72,48,71,47,888,422
push,72,48
pop,66,46
expand,66,46
eval,66,46,6
set,65,46,66,46,876,444
push,65,46
eval,66,46,5
set,65,47,66,46,888,427
push,65,47
eval,66,46,7
set,65,45,66,46,888,461
push,65,45
pop,77,30
expand,77,30
eval,77,30,1
set,78,29,77,30,532,817
push,78,29
eval,77,30,7
eval,77,30,0
eval,77,30,2
set,78,30,77,30,520,800
push,78,30
eval,77,30,3
obs,78,31
pop,64,41
expand,64,41
eval,64,41,7
set,63,40,64,41,784,570
push,63,40
eval,64,41,5
obs,63,42
eval,64,41,6
set,63,41,64,41,772,553
push,63,41
eval,64,41,0
set,64,40,64,41,772,558
push,64,40
eval,64,41,1
obs,65,40
pop,77,29
expand,77,29
eval,77,29,1
set,78,28,77,29,520,834
push,78,28
eval,77,29,7
eval,77,29,0
eval,77,29,2
eval,77,29,3
pop,67,45
expand,67,45
eval,67,45,0
eval,67,45,7
eval,67,45,1
pop,76,28
expand,76,28
eval,76,28,0
set,76,27,76,28,508,827
push,76,27
eval,76,28,7
eval,76,28,1
set,77,27,76,28,520,839
push,77,27
pop,70,47
expand,70,47
eval,70,47,3
eval,70,47,1
obs,71,46
eval,70,47,2
eval,70,47,4
eval,70,47,5
pop,72,30
expand,72,30
eval,72,30,4
eval,72,30,3
obs,73,31
eval,72,30,5
pop,54,22
expand,54,22
eval,54,22,1
obs,55,21
eval,54,22,7
set,53,21,54,22,370,1013
push,53,21
eval,54,22,0
obs,54,21
eval,54,22,2
obs,55,22
eval,54,22,3
pop,48,28
expand,48,28
eval,48,28,7
set,47,27,48,28,404,983
push,47,27
eval,48,28,5
obs,47,29
eval,48,28,6
eval,48,28,0
obs,48,27
eval,48,28,1
set,49,27,48,28,404,959
push,49,27
pop,48,30
expand,48,30
eval,48,30,6
obs,47,30
eval,48,30,5
eval,48,30,7
obs,47,29
pop,69,48
expand,69,48
eval,69,48,3
eval,69,48,1
eval,69,48,2
eval,69,48,4
eval,69,48,5
pop,52,22
expand,52,22
eval,52,22,7
set,51,21,52,22,370,1037
push,51,21
eval,52,22,5
set,51,23,52,22,370,1003
push,51,23
eval,52,22,6
set,51,22,52,22,358,1020
push,51,22
eval,52,22,0
set,52,21,52,22,358,1025
push,52,21
eval,52,22,1
pop,72,48
expand,72,48
eval,72,48,3
set,73,49,72,48,917,417
push,73,49
eval,72,48,1
set,73,47,72,48,917,451
push,73,47
eval,72,48,2
set,73,48,72,48,905,434
push,73,48
eval,72,48,4
set,72,49,72,48,905,405
push,72,49
eval,72,48,5
pop,57,36
expand,57,36
eval,57,36,3
eval,57,36,1
eval,57,36,2
obs,58,36
eval,57,36,4
eval,57,36,5
pop,76,32
expand,76,32
eval,76,32,4
eval,76,32,3
set,77,33,76,32,520,737
push,77,33
eval,76,32,5
pop,76,26
expand,76,26
eval,76,26,3
eval,76,26,1
obs,77,25
eval,76,26,2
obs,77,26
eval,76,26,4
eval,76,26,5
pop,69,51
expand,69,51
eval,69,51,3
obs,70,52
eval,69,51,1
set,70,50,69,51,922,364
push,70,50
eval,69,51,2
obs,70,51
eval,69,51,4
obs,69,52
eval,69,51,5
pop,78,28
expand,78,28
eval,78,28,1
set,79,27,78,28,549,863
push,79,27
eval,78,28,7
eval,78,28,0
set,78,27,78,28,537,851
push,78,27
eval,78,28,2
obs,79,28
eval,78,28,3
obs,79,29
pop,71,33
expand,71,33
eval,71,33,3
set,72,34,71,33,515,660
push,72,34
eval,71,33,1
obs,72,32
eval,71,33,2
obs,72,33
eval,71,33,4
eval,71,33,5
pop,77,27
expand,77,27
eval,77,27,1
set,78,26,77,27,549,868
push,78,26
eval,77,27,7
eval,77,27,0
obs,77,26
eval,77,27,2
eval,77,27,3
pop,72,34
expand,72,34
eval,72,34,3
set,73,35,72,34,544,655
push,73,35
eval,72,34,1
obs,73,33
eval,72,34,2
set,73,34,72,34,532,672
push,73,34
eval,72,34,4
set,72,35,72,34,532,643
push,72,35
eval,72,34,5
obs,71,35
pop,72,35
expand,72,35
eval,72,35,4
set,72,36,72,35,549,626
push,72,36
eval,72,35,3
set,73,36,72,35,561,638
push,73,36
eval,72,35,5
pop,72,36
expand,72,36
eval,72,36,4
obs,72,37
eval,72,36,3
set,73,37,72,36,578,621
push,73,37
eval,72,36,5
set,71,37,72,36,578,597
push,71,37
pop,73,36
expand,73,36
eval,73,36,3
set,74,37,73,36,590,633
push,74,37
eval,73,36,1
set,74,35,73,36,590,667
push,74,35
eval,73,36,2
obs,74,36
eval,73,36,4
eval,73,36,5
obs,72,37
pop,73,34
expand,73,34
eval,73,34,2
set,74,34,73,34,549,684
push,74,34
eval,73,34,1
eval,73,34,3
pop,53,36
expand,53,36
eval,53,36,4
eval,53,36,3
obs,54,37
eval,53,36,5
pop,71,37
expand,71,37
eval,71,37,5
eval,71,37,3
obs,72,38
eval,71,37,4
set,71,38,71,37,595,580
push,71,38
eval,71,37,6
eval,71,37,7
obs,70,36
pop,71,38
expand,71,38
eval,71,38,4
set,71,39,71,38,612,563
push,71,39
eval,71,38,3
set,72,39,71,38,624,575
push,72,39
eval,71,38,5
set,70,39,71,38,624,551
push,70,39
pop,71,39
expand,71,39
eval,71,39,4
set,71,40,71,39,629,546
push,71,40
eval,71,39,3
set,72,40,71,39,641,558
push,72,40
eval,71,39,5
obs,70,40
pop,72,39
expand,72,39
eval,72,39,3
set,73,40,72,39,653,570
push,73,40
eval,72,39,1
set,73,38,72,39,653,604
push,73,38
eval,72,39,2
set,73,39,72,39,641,587
push,73,39
eval,72,39,4
eval,72,39,5
pop,73,37
expand,73,37
eval,73,37,3
set,74,38,73,37,607,616
push,74,38
eval,73,37,1
obs,74,36
eval,73,37,2
eval,73,37,4
eval,73,37,5
obs,72,38
pop,74,37
expand,74,37
eval,74,37,3
set,75,38,74,37,619,628
push,75,38
eval,74,37,1
set,75,36,74,37,619,662
push,75,36
eval,74,37,2
set,75,37,74,37,607,645
push,75,37
eval,74,37,4
eval,74,37,5
pop,73,39
expand,73,39
eval,73,39,2
obs,74,39
eval,73,39,1
eval,73,39,3
obs,74,40
pop,67,49
expand,67,49
eval,67,49,5
eval,67,49,3
eval,67,49,4
eval,67,49,6
obs,66,49
eval,67,49,7
pop,74,34
expand,74,34
eval,74,34,2
set,75,34,74,34,566,696
push,75,34
eval,74,34,1
eval,74,34,3
obs,75,35
pop,71,20
expand,71,20
eval,71,20,2
set,72,20,71,20,293,898
push,72,20
eval,71,20,1
set,72,19,71,20,305,915
push,72,19
eval,71,20,3
obs,72,21
pop,70,39
expand,70,39
eval,70,39,5
eval,70,39,3
eval,70,39,4
obs,70,40
eval,70,39,6
eval,70,39,7
pop,71,40
expand,71,40
eval,71,40,4
set,71,41,71,40,646,529
push,71,41
eval,71,40,3
obs,72,41
eval,71,40,5
set,70,41,71,40,658,517
push,70,41
pop,72,40
expand,72,40
eval,72,40,3
set,73,41,72,40,670,553
push,73,41
eval,72,40,1
eval,72,40,2
eval,72,40,4
obs,72,41
eval,72,40,5
pop,54,39
expand,54,39
eval,54,39,3
eval,54,39,1
eval,54,39,2
eval,54,39,4
obs,54,40
eval,54,39,5
pop,54,38
expand,54,38
eval,54,38,2
eval,54,38,1
eval,54,38,3
pop,57,47
expand,57,47
eval,57,47,4
set,57,48,57,47,615,506
push,57,48
eval,57,47,3
obs,58,48
eval,57,47,5
obs,56,48
pop,57,48
expand,57,48
eval,57,48,4
obs,57,49
eval,57,48,3
obs,58,49
eval,57,48,5
obs,56,49
pop,51,40
expand,51,40
eval,51,40,4
eval,51,40,3
obs,52,41
eval,51,40,5
pop,70,41
expand,70,41
eval,70,41,5
eval,70,41,3
obs,71,42
eval,70,41,4
eval,70,41,6
eval,70,41,7
pop,67,24
expand,67,24
eval,67,24,2
eval,67,24,1
obs,68,23
eval,67,24,3
pop,75,38
expand,75,38
eval,75,38,3
set,76,39,75,38,648,623
push,76,39
eval,75,38,1
set,76,37,75,38,648,657
push,76,37
eval,75,38,2
set,76,38,75,38,636,640
push,76,38
eval,75,38,4
obs,75,39
eval,75,38,5
obs,74,39
pop,60,39
expand,60,39
eval,60,39,3
set,61,40,60,39,455,594
push,61,40
eval,60,39,1
obs,61,38
eval,60,39,2
set,61,39,60,39,443,611
push,61,39
eval,60,39,4
set,60,40,60,39,443,606
push,60,40
eval,60,39,5
pop,61,40
expand,61,40
eval,61,40,3
set,62,41,61,40,484,565
push,62,41
eval,61,40,1
set,62,39,61,40,484,599
push,62,39
eval,61,40,2
set,62,40,61,40,472,582
push,62,40
eval,61,40,4
set,61,41,61,40,472,577
push,61,41
eval,61,40,5
set,60,41,61,40,484,589
push,60,41
pop,60,40
expand,60,40
eval,60,40,4
eval,60,40,3
eval,60,40,5
obs,59,41
pop,62,41
expand,62,41
eval,62,41,3
obs,63,42
eval,62,41,1
eval,62,41,2
eval,62,41,4
set,62,42,62,41,501,548
push,62,42
eval,62,41,5
set,61,42,62,41,513,560
push,61,42
pop,61,41
expand,61,41
eval,61,41,4
eval,61,41,3
eval,61,41,5
set,60,42,61,41,501,572
push,60,42
pop,62,42
expand,62,42
eval,62,42,4
set,62,43,62,42,518,531
push,62,43
eval,62,42,3
obs,63,43
eval,62,42,5
set,61,43,62,42,530,543
push,61,43
pop,62,43
expand,62,43
eval,62,43,4
set,62,44,62,43,535,514
push,62,44
eval,62,43,3
set,63,44,62,43,547,502
push,63,44
eval,62,43,5
set,61,44,62,43,547,526
push,61,44
pop,61,39
expand,61,39
eval,61,39,2
eval,61,39,1
set,62,38,61,39,472,616
push,62,38
eval,61,39,3
pop,62,40
expand,62,40
eval,62,40,2
eval,62,40,1
set,63,39,62,40,501,587
push,63,39
eval,62,40,3
pop,60,41
expand,60,41
eval,60,41,5
set,59,42,60,41,513,584
push,59,42
eval,60,41,3
eval,60,41,4
eval,60,41,6
obs,59,41
eval,60,41,7
pop,61,42
expand,61,42
eval,61,42,5
set,60,43,61,42,542,555
push,60,43
eval,61,42,3
eval,61,42,4
eval,61,42,6
eval,61,42,7
pop,60,42
expand,60,42
eval,60,42,5
set,59,43,60,42,530,567
push,59,43
eval,60,42,3
eval,60,42,4
eval,60,42,6
eval,60,42,7
obs,59,41
pop,62,39
expand,62,39
eval,62,39,1
set,63,38,62,39,513,604
push,63,38
eval,62,39,7
obs,61,38
eval,62,39,0
eval,62,39,2
eval,62,39,3
pop,59,39
expand,59,39
eval,59,39,4
eval,59,39,3
eval,59,39,5
pop,62,44
expand,62,44
eval,62,44,4
set,62,45,62,44,552,497
push,62,45
eval,62,44,3
set,63,45,62,44,564,485
push,63,45
eval,62,44,5
set,61,45,62,44,564,509
push,61,45
pop,61,43
expand,61,43
eval,61,43,5
set,60,44,61,43,559,538
push,60,44
eval,61,43,3
eval,61,43,4
eval,61,43,6
eval,61,43,7
pop,63,44
expand,63,44
eval,63,44,3
set,64,45,63,44,576,473
push,64,45
eval,63,44,1
obs,64,43
eval,63,44,2
set,64,44,63,44,564,490
push,64,44
eval,63,44,4
eval,63,44,5
pop,62,45
expand,62,45
eval,62,45,4
set,62,46,62,45,569,480
push,62,46
eval,62,45,3
set,63,46,62,45,581,468
push,63,46
eval,62,45,5
set,61,46,62,45,581,492
push,61,46
pop,63,45
expand,63,45
eval,63,45,3
obs,64,46
eval,63,45,1
eval,63,45,2
eval,63,45,4
eval,63,45,5
pop,64,45
expand,64,45
eval,64,45,3
eval,64,45,1
eval,64,45,2
eval,64,45,4
obs,64,46
eval,64,45,5
pop,62,46
expand,62,46
eval,62,46,4
set,62,47,62,46,586,463
push,62,47
eval,62,46,3
set,63,47,62,46,598,451
push,63,47
eval,62,46,5
set,61,47,62,46,598,475
push,61,47
pop,63,46
expand,63,46
eval,63,46,3
obs,64,47
eval,63,46,1
eval,63,46,2
obs,64,46
eval,63,46,4
eval,63,46,5
pop,62,47
expand,62,47
eval,62,47,4
set,62,48,62,47,603,446
push,62,48
eval,62,47,3
set,63,48,62,47,615,434
push,63,48
eval,62,47,5
set,61,48,62,47,615,458
push,61,48
pop,63,47
expand,63,47
eval,63,47,3
set,64,48,63,47,627,422
push,64,48
eval,63,47,1
obs,64,46
eval,63,47,2
obs,64,47
eval,63,47,4
eval,63,47,5
pop,62,48
expand,62,48
eval,62,48,4
set,62,49,62,48,620,429
push,62,49
eval,62,48,3
obs,63,49
eval,62,48,5
set,61,49,62,48,632,441
push,61,49
pop,63,48
expand,63,48
eval,63,48,3
set,64,49,63,48,644,405
push,64,49
eval,63,48,1
obs,64,47
eval,63,48,2
eval,63,48,4
obs,63,49
eval,63,48,5
pop,64,48
expand,64,48
eval,64,48,3
eval,64,48,1
eval,64,48,2
set,65,48,64,48,644,410
push,65,48
eval,64,48,4
eval,64,48,5
obs,63,49
pop,62,49
expand,62,49
eval,62,49,4
obs,62,50
eval,62,49,3
set,63,50,62,49,649,400
push,63,50
eval,62,49,5
set,61,50,62,49,649,424
push,61,50
pop,64,49
expand,64,49
eval,64,49,3
eval,64,49,1
eval,64,49,2
eval,64,49,4
set,64,50,64,49,661,388
push,64,50
eval,64,49,5
pop,63,50
expand,63,50
eval,63,50,3
set,64,51,63,50,678,371
push,64,51
eval,63,50,1
eval,63,50,2
eval,63,50,4
set,63,51,63,50,666,383
push,63,51
eval,63,50,5
obs,62,51
pop,64,50
expand,64,50
eval,64,50,4
eval,64,50,3
eval,64,50,5
pop,64,51
expand,64,51
eval,64,51,3
set,65,52,64,51,707,342
push,65,52
eval,64,51,1
eval,64,51,2
eval,64,51,4
set,64,52,64,51,695,354
push,64,52
eval,64,51,5
set,63,52,64,51,707,366
push,63,52
pop,63,51
expand,63,51
eval,63,51,4
eval,63,51,3
eval,63,51,5
obs,62,52
pop,65,52
expand,65,52
eval,65,52,3
obs,66,53
eval,65,52,1
eval,65,52,2
eval,65,52,4
set,65,53,65,52,724,325
push,65,53
eval,65,52,5
set,64,53,65,52,736,337
push,64,53
pop,64,52
expand,64,52
eval,64,52,4
eval,64,52,3
eval,64,52,5
set,63,53,64,52,724,349
push,63,53
pop,65,53
expand,65,53
eval,65,53,4
set,65,54,65,53,741,308
push,65,54
eval,65,53,3
set,66,54,65,53,753,296
push,66,54
eval,65,53,5
set,64,54,65,53,753,320
push,64,54
pop,65,54
expand,65,54
eval,65,54,4
set,65,55,65,54,758,291
push,65,55
eval,65,54,3
set,66,55,65,54,770,279
push,66,55
eval,65,54,5
set,64,55,65,54,770,303
push,64,55
pop,66,54
expand,66,54
eval,66,54,3
set,67,55,66,54,782,267
push,67,55
eval,66,54,1
obs,67,53
eval,66,54,2
set,67,54,66,54,770,284
push,67,54
eval,66,54,4
eval,66,54,5
pop,65,55
expand,65,55
eval,65,55,4
set,65,56,65,55,775,274
push,65,56
eval,65,55,3
obs,66,56
eval,65,55,5
set,64,56,65,55,787,286
push,64,56
pop,66,55
expand,66,55
eval,66,55,3
set,67,56,66,55,799,250
push,67,56
eval,66,55,1
eval,66,55,2
eval,66,55,4
obs,66,56
eval,66,55,5
pop,67,55
expand,67,55
eval,67,55,3
set,68,56,67,55,811,238
push,68,56
eval,67,55,1
set,68,54,67,55,811,272
push,68,54
eval,67,55,2
set,68,55,67,55,799,255
push,68,55
eval,67,55,4
eval,67,55,5
obs,66,56
pop,65,56
expand,65,56
eval,65,56,4
set,65,57,65,56,792,257
push,65,57
eval,65,56,3
set,66,57,65,56,804,245
push,66,57
eval,65,56,5
set,64,57,65,56,804,269
push,64,57
pop,67,56
expand,67,56
eval,67,56,3
set,68,57,67,56,828,221
push,68,57
eval,67,56,1
eval,67,56,2
eval,67,56,4
set,67,57,67,56,816,233
push,67,57
eval,67,56,5
pop,68,56
expand,68,56
eval,68,56,3
obs,69,57
eval,68,56,1
set,69,55,68,56,840,267
push,69,55
eval,68,56,2
obs,69,56
eval,68,56,4
eval,68,56,5
pop,65,57
expand,65,57
eval,65,57,4
set,65,58,65,57,809,240
push,65,58
eval,65,57,3
set,66,58,65,57,821,228
push,66,58
eval,65,57,5
set,64,58,65,57,821,252
push,64,58
pop,51,26
expand,51,26
eval,51,26,6
set,50,26,51,26,317,964
push,50,26
eval,51,26,5
eval,51,26,7
set,50,25,51,26,329,981
push,50,25
pop,66,57
expand,66,57
eval,66,57,3
set,67,58,66,57,833,216
push,67,58
eval,66,57,1
eval,66,57,2
eval,66,57,4
eval,66,57,5
pop,73,38
expand,73,38
eval,73,38,1
eval,73,38,7
obs,72,37
eval,73,38,0
eval,73,38,2
eval,73,38,3
obs,74,39
pop,64,44
expand,64,44
eval,64,44,2
eval,64,44,1
eval,64,44,3
pop,75,33
expand,75,33
eval,75,33,4
eval,75,33,3
set,76,34,75,33,549,708
push,76,34
eval,75,33,5
pop,68,57
expand,68,57
eval,68,57,3
set,69,58,68,57,857,216
push,69,58
eval,68,57,1
obs,69,56
eval,68,57,2
obs,69,57
eval,68,57,4
set,68,58,68,57,845,204
push,68,58
eval,68,57,5
pop,67,57
expand,67,57
eval,67,57,4
eval,67,57,3
eval,67,57,5
pop,65,58
expand,65,58
eval,65,58,4
set,65,59,65,58,826,223
push,65,59
eval,65,58,3
set,66,59,65,58,838,211
push,66,59
eval,65,58,5
set,64,59,65,58,838,235
push,64,59
pop,66,58
expand,66,58
eval,66,58,3
set,67,59,66,58,850,199
push,67,59
eval,66,58,1
eval,66,58,2
eval,66,58,4
eval,66,58,5
pop,65,59
expand,65,59
eval,65,59,4
set,65,60,65,59,843,206
push,65,60
eval,65,59,3
obs,66,60
eval,65,59,5
set,64,60,65,59,855,218
push,64,60
pop,67,59
expand,67,59
eval,67,59,3
obs,68,60
eval,67,59,1
eval,67,59,2
set,68,59,67,59,867,187
push,68,59
eval,67,59,4
obs,67,60
eval,67,59,5
obs,66,60
pop,64,59
expand,64,59
eval,64,59,5
set,63,60,64,59,867,230
push,63,60
eval,64,59,3
eval,64,59,4
eval,64,59,6
obs,63,59
eval,64,59,7
set,63,58,64,59,867,264
push,63,58
pop,64,60
expand,64,60
eval,64,60,5
set,63,61,64,60,884,213
push,63,61
eval,64,60,3
obs,65,61
eval,64,60,4
obs,64,61
eval,64,60,6
eval,64,60,7
obs,63,59
pop,64,58
expand,64,58
eval,64,58,5
obs,63,59
eval,64,58,3
eval,64,58,4
eval,64,58,6
eval,64,58,7
set,63,57,64,58,850,281
push,63,57
pop,64,57
expand,64,57
eval,64,57,5
eval,64,57,3
eval,64,57,4
eval,64,57,6
eval,64,57,7
set,63,56,64,57,833,298
push,63,56
pop,69,58
expand,69,58
eval,69,58,3
set,70,59,69,58,886,211
push,70,59
eval,69,58,1
set,70,57,69,58,886,245
push,70,57
eval,69,58,2
set,70,58,69,58,874,228
push,70,58
eval,69,58,4
set,69,59,69,58,874,199
push,69,59
eval,69,58,5
pop,63,61
expand,63,61
eval,63,61,5
obs,62,62
eval,63,61,3
obs,64,62
eval,63,61,4
obs,63,62
eval,63,61,6
set,62,61,63,61,901,225
push,62,61
eval,63,61,7
set,62,60,63,61,913,242
push,62,60
pop,69,55
expand,69,55
eval,69,55,1
set,70,54,69,55,869,296
push,70,54
eval,69,55,7
eval,69,55,0
set,69,54,69,55,857,284
push,69,54
eval,69,55,2
set,70,55,69,55,857,279
push,70,55
eval,69,55,3
set,70,56,69,55,869,262
push,70,56
pop,67,58
expand,67,58
eval,67,58,3
eval,67,58,1
eval,67,58,2
eval,67,58,4
eval,67,58,5
pop,68,58
expand,68,58
eval,68,58,4
eval,68,58,3
eval,68,58,5
pop,66,59
expand,66,59
eval,66,59,3
obs,67,60
eval,66,59,1
eval,66,59,2
eval,66,59,4
obs,66,60
eval,66,59,5
pop,65,60
expand,65,60
eval,65,60,4
obs,65,61
eval,65,60,3
set,66,61,65,60,872,177
push,66,61
eval,65,60,5
obs,64,61
pop,66,61
expand,66,61
eval,66,61,3
set,67,62,66,61,901,148
push,67,62
eval,66,61,1
obs,67,60
eval,66,61,2
obs,67,61
eval,66,61,4
set,66,62,66,61,889,160
push,66,62
eval,66,61,5
obs,65,62
pop,67,62
expand,67,62
eval,67,62,3
obs,68,63
eval,67,62,1
set,68,61,67,62,930,153
push,68,61
eval,67,62,2
set,68,62,67,62,918,136
push,68,62
eval,67,62,4
set,67,63,67,62,918,131
push,67,63
eval,67,62,5
set,66,63,67,62,930,143
push,66,63
pop,66,62
expand,66,62
eval,66,62,4
eval,66,62,3
eval,66,62,5
obs,65,63
pop,67,63
expand,67,63
eval,67,63,4
set,67,64,67,63,935,114
push,67,64
eval,67,63,3
set,68,64,67,63,947,102
push,68,64
eval,67,63,5
set,66,64,67,63,947,126
push,66,64
pop,67,64
expand,67,64
eval,67,64,4
set,67,65,67,64,952,97
push,67,65
eval,67,64,3
set,68,65,67,64,964,85
push,68,65
eval,67,64,5
set,66,65,67,64,964,109
push,66,65
pop,68,64
expand,68,64
eval,68,64,3
set,69,65,68,64,976,97
push,69,65
eval,68,64,1
set,69,63,68,64,976,131
push,69,63
eval,68,64,2
set,69,64,68,64,964,114
push,69,64
eval,68,64,4
eval,68,64,5
pop,67,65
expand,67,65
eval,67,65,4
set,67,66,67,65,969,80
push,67,66
eval,67,65,3
obs,68,66
eval,67,65,5
set,66,66,67,65,981,92
push,66,66
pop,68,65
expand,68,65
eval,68,65,3
set,69,66,68,65,993,80
push,69,66
eval,68,65,1
eval,68,65,2
eval,68,65,4
obs,68,66
eval,68,65,5
pop,67,66
expand,67,66
eval,67,66,4
set,67,67,67,66,986,63
push,67,67
eval,67,66,3
obs,68,67
eval,67,66,5
set,66,67,67,66,998,75
push,66,67
pop,67,67
expand,67,67
eval,67,67,4
set,67,68,67,67,1003,46
push,67,68
eval,67,67,3
set,68,68,67,67,1015,34
push,68,68
eval,67,67,5
set,66,68,67,67,1015,58
push,66,68
pop,67,68
expand,67,68
eval,67,68,4
set,67,69,67,68,1020,29
push,67,69
eval,67,68,3
set,68,69,67,68,1032,17
push,68,69
eval,67,68,5
set,66,69,67,68,1032,46
push,66,69
pop,68,68
expand,68,68
eval,68,68,3
set,69,69,68,68,1044,29
push,69,69
eval,68,68,1
set,69,67,68,68,1044,63
push,69,67
eval,68,68,2
set,69,68,68,68,1032,46
push,69,68
eval,68,68,4
eval,68,68,5
pop,67,69
expand,67,69
eval,67,69,4
set,67,70,67,69,1037,17
push,67,70
eval,67,69,3
set,68,70,67,69,1049,0
push,68,70
eval,67,69,5
set,66,70,67,69,1049,34
push,66,70
pop,68,69
expand,68,69
eval,68,69,3
set,69,70,68,69,1061,17
push,69,70
eval,68,69,1
eval,68,69,2
eval,68,69,4
eval,68,69,5
pop,68,70
reconstruct
